news_title,news_sub_title
숨진채 발견된 '李의혹' 제보자, 한달전 "난 절대 자살 안한다",중앙일보
오스템임플란트 횡령 직원 부친 시신부검..유서에 "잘 있어라",연합뉴스
'집단 성폭행' 최종훈, 출소 후 신앙생활 근황..母 "억울",뉴스1
"백발 노모 위해 개발했다" 100만병 팔린 K뷰티 샴푸 "살려달라",머니투데이
연락 두절 6명 중 4명, 붕괴 현장 투입..가족 "오전까지 통화",중앙일보
춘천 신축공사 초고층 아파트 49층서 불..인부 1명 연기흡입(종합),연합뉴스
강남 클럽서 '귀 절단' 엽기 사건..女 "술 깨보니 잘려 있었다"(종합),뉴스1
"이재명 변호사비 의혹 제보자..추가 폭로할 녹취록 갖고 있었다",머니투데이
이재명 36.9%, 윤석열 39.2%..단일화 적합도 안철수 39.6% 윤석열 35.6% [리얼미터],경향신문
방역물품비 10만원 받아가세요..17일부터 열흘간 10부제 신청,머니투데이
"文대통령 눈·귀 가리고 일머리도 없어"..김동연, 또 '저격',머니투데이
600억 대박 '염색샴푸' 날벼락 위기에..KAIST "혁신기술 좌절",중앙일보
이준석 "유시민, 생각 다르면 극우? 꼰대의 전형",헤럴드경제
[영상] 롯데리아 알바생, 주방서 '뻑뻑'..영업 일시중단,연합뉴스
'이재명 변호사비' 제보자 사망..검시 "특이 외상無",노컷뉴스
"영끌로 겨우 집 한 채 마련했는데.." 강북 집주인들 속탄다,한국경제
안철수 측, 이준석에 "적당히 하라"..'尹과 단일화' 여지,헤럴드경제
'허리 꼿꼿한' 노인 되려면 꼭 키워야 하는 근육 3,헬스조선
文정부서 숱한 고위직 제안..끝내 거절 "親文훌리건 아닌 상냥·명랑 좌파 하고파",문화일보
"왜 자꾸 죽나 섬뜩"..이재명 측 "폭로자 아닌 당사자",서울신문
"택배 훔쳐 간다" 신고..잡고 보니 택배 대리점 사장, 딱한 사정,머니투데이
깨시연 이민구 "'이재명 변호사비 대납 의혹' 최초 제보자, 극단 선택할 인물 아냐..황망",데일리안
현대산업개발 "참담하고 부끄러운 사고..역량 다 해 수습하겠다",경향신문
"220억 공장을 5억에 매각"..회삿돈 빼돌리고, 자녀에게 회사 불법승계한 유명가전제품 회장·대표 적발,경향신문
경계석 던져 오토바이 배달원 사망케 한 50대 공무원, 심신미약 주장,뉴시스
수도권 제2순환도로 건설 속도 낸다..올해 3개 구간 개통,연합뉴스
유튜브에서 1967만회 대박난 창원 수소청소트럭.."감동" 댓글 이어져[영상],중앙일보
"혹시 우리 아파트도?" HDC현산 다른 사업장도 불안감 확산,뉴시스
이준석·홍준표, '이재명 제보자 사망'.."왜 자꾸 죽어 나가나",뉴시스
"순정부품 안 쓰면 차 고장 난다"던 현대차·기아.. 입증 못 해 공정위 제재,서울신문
윤호중 "윤석열 7자 공약, '대전은요?'로 선거운동하던 분 연상",연합뉴스
[시선집중] 전원책 "尹 지지율 급반등 '여가부 폐지' 덕분.. 이제 조금 '정치인' 된 듯",MBC
[단독] 백신 부작용 보상, 누가 얼마 받는지..버젓이 다 공개한 서울시,한국일보
외국인 증시에서 돈 뺐다..금융위기 후 최대,아시아경제
국민의힘 "간접 살인.. 철저한 수사를" vs 민주당 "폭로자 아닌 조작의혹 당사자",문화일보
"무서워서 어떻게 사나, 부수고 다시 지어라",중앙일보
이재명측 '변호사비 대납의혹 폭로자 사망' 보도 두고 당부한 이유,미디어오늘
이재명 측, '제보자 사망'에 "아무 관계 없다..국힘 억지주장",이데일리
[김순덕의 도발]北의 최후통첩, 우크라 사태보다 끔찍하다,동아일보
[단독] '7시간 김건희 통화' 녹음 파일 공개된다,오마이뉴스
"이보다 더 귀한 달력 있으랴".. 유엔사의 감동, 왜?,세계일보
반찬 던지고 "백신 왜 안 맞아?"..미접종자 거지 취급한 칼국숫집,이데일리
정의, 李 변호사비 대납의혹 제보자 사망에 "오싹하고 섬뜩",연합뉴스
"아차 계좌번호 잘못 눌렀네" 착오송금 16억, 제 주인 찾았다,뉴스1
尹, '59초 쇼츠'공약..KBS사극 의무제작·체육시설 소득공제,뉴시스
[무등의 아침] "'외벽 붕괴' 광주 아파트 건물, 철거 후 재시공 바람직",KBS
기자협회도 '가세연' 퇴출 요구 나섰다,한겨레
[아하! 우주] '돌맹이' 때문에 미션 실패? 화성 탐사 로버, 난관 봉착,서울신문
"이규원 검사 범죄혐의 상부 보고 후, 갑자기 수사 멈춰",이데일리
'굿바이 이재명' 장영하 변호사, '형 강제입원' 이재명 후보 추가 고발,머니투데이
